Question,Answer
What is the price of tasa harry potter?,The price of tasa harry potter is $80.0.
Is tasa harry potter available?,tasa harry potter is currently available for purchase.
How many units of tasa harry potter are in stock?,Inventory quantity is not available in the product export for tasa harry potter.
What is the price of tasa bowser?,The price of tasa bowser is $80.0.
Is tasa bowser available?,tasa bowser is currently available for purchase.
How many units of tasa bowser are in stock?,Inventory quantity is not available in the product export for tasa bowser.
What is the price of mouse pad sonic?,The price of mouse pad sonic is $80.0.
Is mouse pad sonic available?,mouse pad sonic is currently available for purchase.
How many units of mouse pad sonic are in stock?,Inventory quantity is not available in the product export for mouse pad sonic.
What is the price of mouse pad mario?,The price of mouse pad mario is $80.0.
Is mouse pad mario available?,mouse pad mario is currently available for purchase.
How many units of mouse pad mario are in stock?,Inventory quantity is not available in the product export for mouse pad mario.
What is the price of The Collection Snowboard: Liquid?,The price of The Collection Snowboard: Liquid is $749.95.
Is The Collection Snowboard: Liquid available?,The Collection Snowboard: Liquid is currently available for purchase.
How many units of The Collection Snowboard: Liquid are in stock?,Inventory quantity is not available in the product export for The Collection Snowboard: Liquid.
What is the price of The Collection Snowboard: Oxygen?,The price of The Collection Snowboard: Oxygen is $1025.0.
Is The Collection Snowboard: Oxygen available?,The Collection Snowboard: Oxygen is currently available for purchase.
How many units of The Collection Snowboard: Oxygen are in stock?,Inventory quantity is not available in the product export for The Collection Snowboard: Oxygen.
What is the price of The 3p Fulfilled Snowboard?,The price of The 3p Fulfilled Snowboard is $2629.95.
Is The 3p Fulfilled Snowboard available?,The 3p Fulfilled Snowboard is currently available for purchase.
How many units of The 3p Fulfilled Snowboard are in stock?,Inventory quantity is not available in the product export for The 3p Fulfilled Snowboard.
What is the price of The Multi-managed Snowboard?,The price of The Multi-managed Snowboard is $629.95.
Is The Multi-managed Snowboard available?,The Multi-managed Snowboard is currently available for purchase.
How many units of The Multi-managed Snowboard are in stock?,Inventory quantity is not available in the product export for The Multi-managed Snowboard.
What is the price of The Multi-location Snowboard?,The price of The Multi-location Snowboard is $729.95.
Is The Multi-location Snowboard available?,The Multi-location Snowboard is currently available for purchase.
How many units of The Multi-location Snowboard are in stock?,Inventory quantity is not available in the product export for The Multi-location Snowboard.
What is the price of The Collection Snowboard: Hydrogen?,The price of The Collection Snowboard: Hydrogen is $600.0.
Is The Collection Snowboard: Hydrogen available?,The Collection Snowboard: Hydrogen is currently available for purchase.
How many units of The Collection Snowboard: Hydrogen are in stock?,Inventory quantity is not available in the product export for The Collection Snowboard: Hydrogen.
What is the price of The Archived Snowboard?,The price of The Archived Snowboard is $629.95.
Is The Archived Snowboard available?,The Archived Snowboard is currently archived and may not be available for purchase.
How many units of The Archived Snowboard are in stock?,Inventory quantity is not available in the product export for The Archived Snowboard.
What is the price of Selling Plans Ski Wax?,The price of Selling Plans Ski Wax is $24.95.
Is Selling Plans Ski Wax available?,Selling Plans Ski Wax is currently available for purchase.
How many units of Selling Plans Ski Wax are in stock?,Inventory quantity is not available in the product export for Selling Plans Ski Wax.
What is the price of The Draft Snowboard?,The price of The Draft Snowboard is $2629.95.
Is The Draft Snowboard available?,The Draft Snowboard is currently draft and may not be available for purchase.
How many units of The Draft Snowboard are in stock?,Inventory quantity is not available in the product export for The Draft Snowboard.
What is the price of The Complete Snowboard?,The price of The Complete Snowboard is $699.95.
Is The Complete Snowboard available?,The Complete Snowboard is currently available for purchase.
How many units of The Complete Snowboard are in stock?,Inventory quantity is not available in the product export for The Complete Snowboard.
What is the price of The Videographer Snowboard?,The price of The Videographer Snowboard is $885.95.
Is The Videographer Snowboard available?,The Videographer Snowboard is currently available for purchase.
How many units of The Videographer Snowboard are in stock?,Inventory quantity is not available in the product export for The Videographer Snowboard.
What is the price of The Out of Stock Snowboard?,The price of The Out of Stock Snowboard is $885.95.
Is The Out of Stock Snowboard available?,The Out of Stock Snowboard is currently available for purchase.
How many units of The Out of Stock Snowboard are in stock?,Inventory quantity is not available in the product export for The Out of Stock Snowboard.
What is the price of The Hidden Snowboard?,The price of The Hidden Snowboard is $749.95.
Is The Hidden Snowboard available?,The Hidden Snowboard is currently available for purchase.
How many units of The Hidden Snowboard are in stock?,Inventory quantity is not available in the product export for The Hidden Snowboard.
What is the price of The Minimal Snowboard?,The price of The Minimal Snowboard is $885.95.
Is The Minimal Snowboard available?,The Minimal Snowboard is currently available for purchase.
How many units of The Minimal Snowboard are in stock?,Inventory quantity is not available in the product export for The Minimal Snowboard.
What is the price of The Compare at Price Snowboard?,The price of The Compare at Price Snowboard is $785.95.
Is The Compare at Price Snowboard available?,The Compare at Price Snowboard is currently available for purchase.
How many units of The Compare at Price Snowboard are in stock?,Inventory quantity is not available in the product export for The Compare at Price Snowboard.
What is the price of The Inventory Not Tracked Snowboard?,The price of The Inventory Not Tracked Snowboard is $949.95.
Is The Inventory Not Tracked Snowboard available?,The Inventory Not Tracked Snowboard is currently available for purchase.
How many units of The Inventory Not Tracked Snowboard are in stock?,Inventory quantity is not available in the product export for The Inventory Not Tracked Snowboard.
What is the price of Gift Card?,The price of Gift Card is $10.0.
Is Gift Card available?,Gift Card is currently available for purchase.
How many units of Gift Card are in stock?,Inventory quantity is not available in the product export for Gift Card.
