Pregunta,Respuesta
¿Cuál es el precio de tasa harry potter?,El precio de tasa harry potter es $80.0.
¿Está disponible la tasa harry potter?,tasa harry potter está actualmente disponible para su compra.
¿Cuántas unidades de tasa harry potter hay en stock?,La cantidad de inventario no está disponible en la exportación de productos para tasa harry potter.
¿Cuál es el precio de tasa bowser?,El precio de tasa bowser es $80.0.
¿Está disponible la tasa bowser?,tasa bowser está actualmente disponible para su compra.
¿Cuántas unidades de tasa bowser hay en stock?,La cantidad de inventario no está disponible en la exportación de productos para tasa bowser.
¿Cuál es el precio de mouse pad sonic?,El precio de mouse pad sonic es $80.0.
¿Está disponible el mouse pad sonic?,mouse pad sonic está actualmente disponible para su compra.
¿Cuántas unidades de mouse pad sonic hay en stock?,La cantidad de inventario no está disponible en la exportación de productos para mouse pad sonic.
¿Cuál es el precio de mouse pad mario?,El precio de mouse pad mario es $80.0.
¿Está disponible el mouse pad mario?,mouse pad mario está actualmente disponible para su compra.
¿Cuántas unidades de mouse pad mario hay en stock?,La cantidad de inventario no está disponible en la exportación de productos para mouse pad mario.
¿Cuál es el precio de The Collection Snowboard: Liquid?,El precio de The Collection Snowboard: Liquid es $749.95.
¿Está disponible The Collection Snowboard: Liquid?,The Collection Snowboard: Liquid está actualmente disponible para su compra.
¿Cuántas unidades de The Collection Snowboard: Liquid hay en stock?,La cantidad de inventario no está disponible en la exportación de productos para The Collection Snowboard: Liquid.
¿Cuál es el precio de The Hidden Snowboard?,El precio de The Hidden Snowboard es $749.95.
¿Está disponible The Hidden Snowboard?,The Hidden Snowboard está actualmente disponible para su compra.
¿Cuántas unidades de The Hidden Snowboard hay en stock?,La cantidad de inventario no está disponible en la exportación de productos para The Hidden Snowboard.
¿Cuál es el precio de The Minimal Snowboard?,El precio de The Minimal Snowboard es $885.95.
¿Está disponible The Minimal Snowboard?,The Minimal Snowboard está actualmente disponible para su compra.
¿Cuántas unidades de The Minimal Snowboard hay en stock?,La cantidad de inventario no está disponible en la exportación de productos para The Minimal Snowboard.
¿Cuál es el precio de The Compare at Price Snowboard?,El precio de The Compare at Price Snowboard es $785.95.
¿Está disponible The Compare at Price Snowboard?,The Compare at Price Snowboard está actualmente disponible para su compra.
¿Cuántas unidades de The Compare at Price Snowboard hay en stock?,La cantidad de inventario no está disponible en la exportación de productos para The Compare at Price Snowboard.
¿Cuál es el precio de The Inventory Not Tracked Snowboard?,El precio de The Inventory Not Tracked Snowboard es $949.95.
¿Está disponible The Inventory Not Tracked Snowboard?,The Inventory Not Tracked Snowboard está actualmente disponible para su compra.
¿Cuántas unidades de The Inventory Not Tracked Snowboard hay en stock?,La cantidad de inventario no está disponible en la exportación de productos para The Inventory Not Tracked Snowboard.
¿Cuál es el precio de Gift Card?,El precio de Gift Card es $10.0.
¿Está disponible Gift Card?,Gift Card está actualmente disponible para su compra.
¿Cuántas unidades de Gift Card hay en stock?,La cantidad de inventario no está disponible en la exportación de productos para Gift Card.
